model_name,mode,task_id,track,difficulty,total_score,objective_score,explanation_score,status,commit_sha,date
baseline,solution,task_000053,p1_rtl_debug,easy,1.0000,0.9000,0.1000,pass,4a8f141,2026-06-13
baseline,solution,task_200035,p2_tb_sva_gen,medium,1.0000,1.0000,0.0000,pass,4a8f141,2026-06-13
baseline,solution,p3_timing_000090,p3_timing_report_qa,hard,1.0000,1.0000,0.0000,pass,4a8f141,2026-06-13
baseline,solution,task_002058,p4_spice_sim,easy,1.0000,0.9000,0.1000,pass,4a8f141,2026-06-13
baseline,solution,spice_deck_debug_0035,p5_spice_deck_debug,easy,1.0000,0.9000,0.1000,pass,4a8f141,2026-06-13
baseline,solution,dc_constraint_0001,p6_dc_constraint_debug,easy,1.0000,0.9000,0.1000,pass,4a8f141,2026-06-13
baseline,solution,p6_dc_syn_000003,p6_dc_synthesis_qa,medium,1.0000,1.0000,0.0000,pass,4a8f141,2026-06-13
baseline,solution,pt_sta_debug_0013,p7_primetime_sta_debug,easy,1.0000,0.9000,0.1000,pass,4a8f141,2026-06-13
baseline,solution,sg_lint_0011,p7_spyglass_lint_debug,medium,1.0000,0.9000,0.1000,pass,4a8f141,2026-06-13
